{"train": {"all": {"S1ActTrq": {"rmse": 13.418010649609664, "mae": 5.3778770989741655, "r2_adjust": 0.9613275538541474}}, "4": {"S1ActTrq": {"rmse": 11.84170700535101, "mae": 8.916862657298768, "r2_adjust": 0.9968670655729363}}, "20": {"S1ActTrq": {"rmse": 28.87781550305264, "mae": 17.266853131484694, "r2_adjust": 0.729584262211612}}, "23": {"S1ActTrq": {"rmse": 90.09268354120087, "mae": 51.92410335551305, "r2_adjust": 0.6218563380594705}}, "45": {"S1ActTrq": {"rmse": 4.670445214648119, "mae": 3.750364850615042, "r2_adjust": -0.023488292963354862}}, "48": {"S1ActTrq": {"rmse": 5.1738738677313805, "mae": 3.9254284183979156, "r2_adjust": 0.995732271241344}}, "50": {"S1ActTrq": {"rmse": 5.759217201865907, "mae": 4.632852970498671, "r2_adjust": 0.9891623010025485}}, "52": {"S1ActTrq": {"rmse": 4.483540372996469, "mae": 3.422972858513167, "r2_adjust": 0.9923012291370668}}, "54": {"S1ActTrq": {"rmse": 5.845365561591334, "mae": 4.513305264870129, "r2_adjust": 0.9938446213471608}}}, "validation": {"all": {"S1ActTrq": {"rmse": 13.785943382142461, "mae": 5.922857187799771, "r2_adjust": 0.9589723456986536}}, "4": {"S1ActTrq": {"rmse": 10.39160865961982, "mae": 7.163553768335343, "r2_adjust": 0.9976489933472652}}, "20": {"S1ActTrq": {"rmse": 28.201881160260978, "mae": 16.639793690733466, "r2_adjust": 0.7354170329032429}}, "23": {"S1ActTrq": {"rmse": 91.61553657835003, "mae": 50.3711374883836, "r2_adjust": 0.5997281803610488}}, "45": {"S1ActTrq": {"rmse": 5.4420010910976835, "mae": 4.383500999334246, "r2_adjust": -0.03173401042337676}}, "48": {"S1ActTrq": {"rmse": 5.619425089351226, "mae": 4.049160921466643, "r2_adjust": 0.9948524583778818}}, "50": {"S1ActTrq": {"rmse": 6.330902531541207, "mae": 5.155714619568422, "r2_adjust": 0.9866784613965862}}, "52": {"S1ActTrq": {"rmse": 6.362958734644653, "mae": 5.035126903137727, "r2_adjust": 0.9849902911889478}}, "54": {"S1ActTrq": {"rmse": 6.100355711095856, "mae": 4.656219749484535, "r2_adjust": 0.9931879505777335}}}}