{"train": {"all": {"S1ActTrq": {"rmse": 10.482378314224135, "mae": 4.881464722297243, "r2_adjust": 0.9763982047756103}}, "4": {"S1ActTrq": {"rmse": 13.223612186696943, "mae": 10.201555946718635, "r2_adjust": 0.9960931846032641}}, "20": {"S1ActTrq": {"rmse": 16.61328123894033, "mae": 10.607388752318949, "r2_adjust": 0.9105018367076949}}, "23": {"S1ActTrq": {"rmse": 70.78585487295373, "mae": 38.807473111936666, "r2_adjust": 0.766562436356361}}, "45": {"S1ActTrq": {"rmse": 4.657171924494884, "mae": 3.746065853758139, "r2_adjust": -0.017679102507700772}}, "48": {"S1ActTrq": {"rmse": 5.181942687867632, "mae": 3.9434881257387486, "r2_adjust": 0.9957189495453463}}, "50": {"S1ActTrq": {"rmse": 5.7639457444698134, "mae": 4.674197748109126, "r2_adjust": 0.9891444973471766}}, "52": {"S1ActTrq": {"rmse": 4.507521247612659, "mae": 3.4207789246604134, "r2_adjust": 0.9922186528755952}}, "54": {"S1ActTrq": {"rmse": 5.641671124309728, "mae": 4.4199373645691455, "r2_adjust": 0.9942661417474133}}}, "validation": {"all": {"S1ActTrq": {"rmse": 10.864399320686664, "mae": 5.355811793036953, "r2_adjust": 0.9745190775659894}}, "4": {"S1ActTrq": {"rmse": 9.873281779375668, "mae": 7.416936507494768, "r2_adjust": 0.9978776776124421}}, "20": {"S1ActTrq": {"rmse": 15.37034202236815, "mae": 9.96031480750454, "r2_adjust": 0.9214090046362264}}, "23": {"S1ActTrq": {"rmse": 72.55811022624049, "mae": 39.3353666283922, "r2_adjust": 0.748933549637574}}, "45": {"S1ActTrq": {"rmse": 5.372341693663025, "mae": 4.374201574276545, "r2_adjust": -0.005489991467052757}}, "48": {"S1ActTrq": {"rmse": 5.332380279153719, "mae": 3.936259931744597, "r2_adjust": 0.9953649083936977}}, "50": {"S1ActTrq": {"rmse": 6.549436080892957, "mae": 5.3144572862163315, "r2_adjust": 0.9857429081012485}}, "52": {"S1ActTrq": {"rmse": 5.962356885056606, "mae": 4.715245720193167, "r2_adjust": 0.9868207714620096}}, "54": {"S1ActTrq": {"rmse": 5.847139722624785, "mae": 4.45449513144698, "r2_adjust": 0.9937417282848738}}}}