{"train": {"all": {"S1ActTrq": {"rmse": 21.15068802799098, "mae": 8.652001096191114, "r2_adjust": 0.9039108436324031}}, "4": {"S1ActTrq": {"rmse": 14.725291115486824, "mae": 9.425132963622694, "r2_adjust": 0.9951554832463921}}, "20": {"S1ActTrq": {"rmse": 43.6815199558462, "mae": 36.327029319159884, "r2_adjust": 0.381273422785683}}, "23": {"S1ActTrq": {"rmse": 143.78141361017646, "mae": 81.82603034110896, "r2_adjust": 0.03687361851252213}}, "45": {"S1ActTrq": {"rmse": 5.968825582209566, "mae": 4.859717185833812, "r2_adjust": -0.6716451213778476}}, "48": {"S1ActTrq": {"rmse": 7.71618446739728, "mae": 6.027021292228668, "r2_adjust": 0.990507724340043}}, "50": {"S1ActTrq": {"rmse": 8.016730589976332, "mae": 6.257021509292973, "r2_adjust": 0.9790007034061452}}, "52": {"S1ActTrq": {"rmse": 7.741070373792711, "mae": 5.506616076581746, "r2_adjust": 0.9770500755382732}}, "54": {"S1ActTrq": {"rmse": 10.874000710904179, "mae": 7.781715684876797, "r2_adjust": 0.9786985023111032}}}, "eval": {"all": {"S1ActTrq": {"rmse": 20.863684275472263, "mae": 8.70950311269591, "r2_adjust": 0.9060307603365243}}, "4": {"S1ActTrq": {"rmse": 15.570850495431214, "mae": 9.831986336493733, "r2_adjust": 0.9947214703687627}}, "20": {"S1ActTrq": {"rmse": 43.86735989167551, "mae": 36.96437945018732, "r2_adjust": 0.3598397249896742}}, "23": {"S1ActTrq": {"rmse": 140.7886357878356, "mae": 79.36307471416535, "r2_adjust": 0.05473854101951514}}, "45": {"S1ActTrq": {"rmse": 6.263887611870391, "mae": 5.1460292214443255, "r2_adjust": -0.36690523309974554}}, "48": {"S1ActTrq": {"rmse": 6.729611588645873, "mae": 5.188263128203151, "r2_adjust": 0.9926176251011268}}, "50": {"S1ActTrq": {"rmse": 7.997148546735872, "mae": 6.261527858286, "r2_adjust": 0.9787434165811802}}, "52": {"S1ActTrq": {"rmse": 8.420069444473608, "mae": 6.173733666753912, "r2_adjust": 0.9737163662991906}}, "54": {"S1ActTrq": {"rmse": 10.824239256448259, "mae": 7.918160941198899, "r2_adjust": 0.9785532129293679}}}}