{"train": {"all": {"S1ActTrq": {"rmse": 21.15068802799098, "mae": 8.652001096191114, "r2_adjust": 0.9039108436324031}, "XActTrq": {"rmse": 34.48670690584346, "mae": 25.674473740908724, "r2_adjust": 0.692952376608041}, "YActTrq": {"rmse": 48.74258867782706, "mae": 38.30876099202604, "r2_adjust": 0.653371260630127}, "Y2ActTrq": {"rmse": 44.54567382479953, "mae": 34.67008584997425, "r2_adjust": 0.6565106237129572}, "ZActTrq": {"rmse": 33.467757886755614, "mae": 21.275347588815144, "r2_adjust": 0.6797624999935865}}, "4": {"S1ActTrq": {"rmse": 14.725291115486824, "mae": 9.425132963622694, "r2_adjust": 0.9951554832463921}, "XActTrq": {"rmse": 19.96563948977473, "mae": 14.693554847591361, "r2_adjust": 0.5356446985685663}, "YActTrq": {"rmse": 26.6958179843479, "mae": 18.554603001303047, "r2_adjust": 0.5076148166491721}, "Y2ActTrq": {"rmse": 24.1261908258336, "mae": 19.406041746727063, "r2_adjust": 0.486774415582507}, "ZActTrq": {"rmse": 20.28715361555894, "mae": 13.01266932240521, "r2_adjust": 0.41646915073552704}}, "20": {"S1ActTrq": {"rmse": 43.6815199558462, "mae": 36.327029319159884, "r2_adjust": 0.381273422785683}, "XActTrq": {"rmse": 7.3351065951675, "mae": 6.094510555565237, "r2_adjust": 0.07116310042383411}, "YActTrq": {"rmse": 10.085171073592779, "mae": 8.118930013934378, "r2_adjust": 0.40797226664874287}, "Y2ActTrq": {"rmse": 12.972424650794148, "mae": 10.354439206376316, "r2_adjust": 0.127990223207474}, "ZActTrq": {"rmse": 91.77615632049822, "mae": 76.37226510565024, "r2_adjust": 0.73788808845124}}, "23": {"S1ActTrq": {"rmse": 143.78141361017646, "mae": 81.82603034110896, "r2_adjust": 0.03687361851252213}, "XActTrq": {"rmse": 6.739247587211346, "mae": 5.567553016696679, "r2_adjust": -0.8545734835154866}, "YActTrq": {"rmse": 13.871735541886467, "mae": 11.96404076127566, "r2_adjust": -0.0633681816919669}, "Y2ActTrq": {"rmse": 16.438980648050315, "mae": 14.82153631312126, "r2_adjust": -0.7771342735998068}, "ZActTrq": {"rmse": 93.78450021839132, "mae": 76.83611166992696, "r2_adjust": 0.7519627311103578}}, "45": {"S1ActTrq": {"rmse": 5.968825582209566, "mae": 4.859717185833812, "r2_adjust": -0.6716451213778476}, "XActTrq": {"rmse": 17.2374359245393, "mae": 14.96833581971097, "r2_adjust": 0.7842212499772965}, "YActTrq": {"rmse": 46.93469630550161, "mae": 45.42282397703828, "r2_adjust": 0.38109242745803484}, "Y2ActTrq": {"rmse": 40.63782084569567, "mae": 39.25317818100509, "r2_adjust": 0.39568763630714254}, "ZActTrq": {"rmse": 10.34689909455728, "mae": 9.06590559046434, "r2_adjust": -0.06789103128497698}}, "48": {"S1ActTrq": {"rmse": 7.71618446739728, "mae": 6.027021292228668, "r2_adjust": 0.990507724340043}, "XActTrq": {"rmse": 21.624241502461278, "mae": 18.669171599589195, "r2_adjust": 0.616704709254025}, "YActTrq": {"rmse": 37.78345907619243, "mae": 34.14247839011001, "r2_adjust": 0.5339134922333024}, "Y2ActTrq": {"rmse": 32.01120914624082, "mae": 28.578376362937423, "r2_adjust": 0.561799696007381}, "ZActTrq": {"rmse": 19.89964473757498, "mae": 15.739523692464381, "r2_adjust": 0.09558008646258465}}, "50": {"S1ActTrq": {"rmse": 8.016730589976332, "mae": 6.257021509292973, "r2_adjust": 0.9790007034061452}, "XActTrq": {"rmse": 42.60233529347132, "mae": 33.70116602858106, "r2_adjust": 0.6146354893806765}, "YActTrq": {"rmse": 55.35561250797236, "mae": 42.19848903715203, "r2_adjust": 0.592792617522605}, "Y2ActTrq": {"rmse": 50.95486960780128, "mae": 38.419786296215236, "r2_adjust": 0.5842389463715136}, "ZActTrq": {"rmse": 25.950985183611632, "mae": 20.37354863421221, "r2_adjust": 0.24074119167973151}}, "52": {"S1ActTrq": {"rmse": 7.741070373792711, "mae": 5.506616076581746, "r2_adjust": 0.9770500755382732}, "XActTrq": {"rmse": 44.00770398166634, "mae": 34.319009044518054, "r2_adjust": 0.660991086222515}, "YActTrq": {"rmse": 57.45355983949745, "mae": 45.207024718511605, "r2_adjust": 0.655361127092688}, "Y2ActTrq": {"rmse": 53.54634047839954, "mae": 41.90832764265201, "r2_adjust": 0.6626961946553058}, "ZActTrq": {"rmse": 33.711544962158854, "mae": 23.34903219923308, "r2_adjust": 0.6105633541740396}}, "54": {"S1ActTrq": {"rmse": 10.874000710904179, "mae": 7.781715684876797, "r2_adjust": 0.9786985023111032}, "XActTrq": {"rmse": 35.39399622339365, "mae": 26.686981720865894, "r2_adjust": 0.7936327533615586}, "YActTrq": {"rmse": 47.77507689546039, "mae": 34.95730556350538, "r2_adjust": 0.7844290364949004}, "Y2ActTrq": {"rmse": 44.55354335818488, "mae": 32.463020459154386, "r2_adjust": 0.7747764210997874}, "ZActTrq": {"rmse": 24.23715862742189, "mae": 15.516259258367212, "r2_adjust": 0.748916897937148}}}, "eval": {"all": {"S1ActTrq": {"rmse": 20.863684275472263, "mae": 8.70950311269591, "r2_adjust": 0.9060307603365243}, "XActTrq": {"rmse": 39.30503665594723, "mae": 30.24984615879323, "r2_adjust": 0.67047183106263}, "YActTrq": {"rmse": 49.50067726170638, "mae": 38.445482725290994, "r2_adjust": 0.6521675565699783}, "Y2ActTrq": {"rmse": 43.83689780257868, "mae": 34.12536942513976, "r2_adjust": 0.6569140295338598}, "ZActTrq": {"rmse": 32.872144362572335, "mae": 19.439569946654036, "r2_adjust": 0.6922546164826373}}, "4": {"S1ActTrq": {"rmse": 15.570850495431214, "mae": 9.831986336493733, "r2_adjust": 0.9947214703687627}, "XActTrq": {"rmse": 20.52125772197929, "mae": 14.526135674461882, "r2_adjust": 0.5209836021317318}, "YActTrq": {"rmse": 29.76764577493971, "mae": 24.110026029262805, "r2_adjust": 0.43438207151434505}, "Y2ActTrq": {"rmse": 22.326313482259152, "mae": 17.069656273551004, "r2_adjust": 0.5386691826797809}, "ZActTrq": {"rmse": 23.148233087920303, "mae": 12.662383387231403, "r2_adjust": 0.3928769425944073}}, "20": {"S1ActTrq": {"rmse": 43.86735989167551, "mae": 36.96437945018732, "r2_adjust": 0.3598397249896742}, "XActTrq": {"rmse": 10.518231436070787, "mae": 8.954856625003595, "r2_adjust": -0.23563401370377313}, "YActTrq": {"rmse": 10.593115247677643, "mae": 8.727525054829814, "r2_adjust": 0.3470819893500434}, "Y2ActTrq": {"rmse": 11.52802765808982, "mae": 9.477821430289216, "r2_adjust": 0.2182298916568508}, "ZActTrq": {"rmse": 90.74869361209146, "mae": 75.21645965718916, "r2_adjust": 0.7422907131760824}}, "23": {"S1ActTrq": {"rmse": 140.7886357878356, "mae": 79.36307471416535, "r2_adjust": 0.05473854101951514}, "XActTrq": {"rmse": 6.534536975115172, "mae": 5.535945625966414, "r2_adjust": -0.6311566991560014}, "YActTrq": {"rmse": 14.824571284347671, "mae": 12.645436635889379, "r2_adjust": -0.038847220824019146}, "Y2ActTrq": {"rmse": 18.363914762533373, "mae": 16.858886663096193, "r2_adjust": -1.241279008037329}, "ZActTrq": {"rmse": 96.46944194521352, "mae": 77.86088755679963, "r2_adjust": 0.737135860398634}}, "45": {"S1ActTrq": {"rmse": 6.263887611870391, "mae": 5.1460292214443255, "r2_adjust": -0.36690523309974554}, "XActTrq": {"rmse": 42.91694903920807, "mae": 38.765107297964995, "r2_adjust": 0.540488249567432}, "YActTrq": {"rmse": 44.46221327729012, "mae": 43.300295411318174, "r2_adjust": 0.3829514559602114}, "Y2ActTrq": {"rmse": 39.07371330767969, "mae": 37.8751188290799, "r2_adjust": 0.40147210922464427}, "ZActTrq": {"rmse": 12.729014401677539, "mae": 10.828737634029356, "r2_adjust": -0.4094021984580891}}, "48": {"S1ActTrq": {"rmse": 6.729611588645873, "mae": 5.188263128203151, "r2_adjust": 0.9926176251011268}, "XActTrq": {"rmse": 25.08776462284185, "mae": 21.057082557942643, "r2_adjust": 0.7364082559629419}, "YActTrq": {"rmse": 37.065423267882565, "mae": 32.981253368650705, "r2_adjust": 0.5427542196716197}, "Y2ActTrq": {"rmse": 32.815525865633624, "mae": 29.292827611215852, "r2_adjust": 0.5561584292338675}, "ZActTrq": {"rmse": 17.98185279493292, "mae": 11.985809916853652, "r2_adjust": 0.08489923478220662}}, "50": {"S1ActTrq": {"rmse": 7.997148546735872, "mae": 6.261527858286, "r2_adjust": 0.9787434165811802}, "XActTrq": {"rmse": 42.034317668511655, "mae": 32.99498401062355, "r2_adjust": 0.6385555008610662}, "YActTrq": {"rmse": 56.87603090183428, "mae": 43.30658726007487, "r2_adjust": 0.5871940148214706}, "Y2ActTrq": {"rmse": 50.4973619980741,