{"train": {"all": {"S1ActTrq": {"rmse": 13.183521156366844, "mae": 6.2546542740295, "r2_adjust": 0.9626674014843611}, "XActTrq": {"rmse": 15.875626405186281, "mae": 11.635317143395033, "r2_adjust": 0.9349325139346699}, "YActTrq": {"rmse": 20.025488698487624, "mae": 14.676248578506994, "r2_adjust": 0.9414922181005285}, "Y2ActTrq": {"rmse": 17.766306579472893, "mae": 13.111845568164325, "r2_adjust": 0.9453617792142129}, "ZActTrq": {"rmse": 12.748584206999544, "mae": 9.385167134615541, "r2_adjust": 0.9535331895320205}}, "4": {"S1ActTrq": {"rmse": 10.013084059635817, "mae": 7.044855694934544, "r2_adjust": 0.997759946418606}, "XActTrq": {"rmse": 15.718796362584099, "mae": 13.435093992820537, "r2_adjust": 0.7121789679931012}, "YActTrq": {"rmse": 23.45483569164172, "mae": 16.830233987794312, "r2_adjust": 0.6199127513045847}, "Y2ActTrq": {"rmse": 19.87790533491415, "mae": 15.609537322675326, "r2_adjust": 0.6516049194778331}, "ZActTrq": {"rmse": 12.5401917518822, "mae": 9.313968123434663, "r2_adjust": 0.77703846444478}}, "20": {"S1ActTrq": {"rmse": 22.414244596947512, "mae": 15.122136697471525, "r2_adjust": 0.837088590103208}, "XActTrq": {"rmse": 9.395779606293885, "mae": 7.573975183827729, "r2_adjust": -0.5240255272096341}, "YActTrq": {"rmse": 9.885303320974792, "mae": 8.016529819152103, "r2_adjust": 0.4312053391314673}, "Y2ActTrq": {"rmse": 11.510680590491042, "mae": 9.338666407205407, "r2_adjust": 0.3134359547275485}, "ZActTrq": {"rmse": 21.604186875518504, "mae": 16.727113749563475, "r2_adjust": 0.9854754435903792}}, "23": {"S1ActTrq": {"rmse": 87.91515128593403, "mae": 51.170615411394856, "r2_adjust": 0.6399148305851883}, "XActTrq": {"rmse": 8.067057656297207, "mae": 6.359802593757547, "r2_adjust": -1.657366964482072}, "YActTrq": {"rmse": 12.264940459508612, "mae": 9.282335873859815, "r2_adjust": 0.16870925318212182}, "Y2ActTrq": {"rmse": 13.087992918370977, "mae": 10.594099686681751, "r2_adjust": -0.1264620932033076}, "ZActTrq": {"rmse": 28.047774369899663, "mae": 21.55217969186959, "r2_adjust": 0.9778153993788781}}, "45": {"S1ActTrq": {"rmse": 4.840428379841593, "mae": 3.861069281534436, "r2_adjust": -0.09934476434374018}, "XActTrq": {"rmse": 8.56451877654894, "mae": 6.649294570386896, "r2_adjust": 0.9467316465170279}, "YActTrq": {"rmse": 10.207311051557207, "mae": 7.866157323418012, "r2_adjust": 0.9707274557829233}, "Y2ActTrq": {"rmse": 10.095238169992024, "mae": 7.543953684398322, "r2_adjust": 0.962706443765689}, "ZActTrq": {"rmse": 9.349024212127391, "mae": 8.15009730185935, "r2_adjust": 0.12815540793742386}}, "48": {"S1ActTrq": {"rmse": 5.815850250149348, "mae": 4.484427116641343, "r2_adjust": 0.9946074824579271}, "XActTrq": {"rmse": 10.268661277890828, "mae": 8.011067987287785, "r2_adjust": 0.9135670424329561}, "YActTrq": {"rmse": 15.410813936933941, "mae": 11.223385064020139, "r2_adjust": 0.9224620606879801}, "Y2ActTrq": {"rmse": 13.405063229932951, "mae": 9.975179911573235, "r2_adjust": 0.9231566565593023}, "ZActTrq": {"rmse": 8.547906274617894, "mae": 6.51422258605577, "r2_adjust": 0.8331220444080992}}, "50": {"S1ActTrq": {"rmse": 7.20229029663553, "mae": 5.79838046449557, "r2_adjust": 0.9830507137766268}, "XActTrq": {"rmse": 17.655172704082016, "mae": 13.342436193784712, "r2_adjust": 0.9338166349561298}, "YActTrq": {"rmse": 22.56211220009194, "mae": 16.95994236290336, "r2_adjust": 0.9323524874706203}, "Y2ActTrq": {"rmse": 19.360110153510718, "mae": 14.386105524037356, "r2_adjust": 0.9399810955679944}, "ZActTrq": {"rmse": 12.086492779374685, "mae": 8.864308046765887, "r2_adjust": 0.8353041200304632}}, "52": {"S1ActTrq": {"rmse": 5.791245778121475, "mae": 4.517082028468518, "r2_adjust": 0.9871553221162622}, "XActTrq": {"rmse": 19.494607883557304, "mae": 14.969764913040802, "r2_adjust": 0.9334753338782152}, "YActTrq": {"rmse": 23.529809163729368, "mae": 18.4586912224237, "r2_adjust": 0.9421947630317464}, "Y2ActTrq": {"rmse": 21.335514781308667, "mae": 16.57051661156731, "r2_adjust": 0.9464489607918188}, "ZActTrq": {"rmse": 13.196627916709568, "mae": 10.114784315534823, "r2_adjust": 0.9403232112477449}}, "54": {"S1ActTrq": {"rmse": 8.282433948104694, "mae": 6.5644277760561565, "r2_adjust": 0.9876420229851196}, "XActTrq": {"rmse": 18.464676349888883, "mae": 13.737397528395308, "r2_adjust": 0.9438351028709674}, "YActTrq": {"rmse": 23.127143988267846, "mae": 17.274496617779366, "r2_adjust": 0.94948370599771}, "Y2ActTrq": {"rmse": 20.071219564356092, "mae": 15.156651924668086, "r2_adjust": 0.9542915094588327}, "ZActTrq": {"rmse": 13.374203500292145, "mae": 9.875058744141187, "r2_adjust": 0.9235478101401713}}}, "validation": {"all": {"S1ActTrq": {"rmse": 13.151243103620851, "mae": 6.647575102295589, "r2_adjust": 0.9626631806803971}, "XActTrq": {"rmse": 22.69186533012407, "mae": 16.864792719895597, "r2_adjust": 0.8901660688443094}, "YActTrq": {"rmse": 21.529192935850798, "mae": 15.469741288486627, "r2_adjust": 0.9342034222125835}, "Y2ActTrq": {"rmse": 18.087395846115058, "mae": 13.351099554946298, "r2_adjust": 0.9415915852244381}, "ZActTrq": {"rmse": 14.50559388753357, "mae": 11.278836208242538, "r2_adjust": 0.9400752120707492}}, "4": {"S1ActTrq": {"rmse": 10.393923979581777, "mae": 7.241757093430828, "r2_adjust": 0.9976479455905188}, "XActTrq": {"rmse": 14.825517227200589, "mae": 13.14282252661364, "r2_adjust": 0.7499872618393925}, "YActTrq": {"rmse": 25.417784222210585, "mae": 21.67188199725749, "r2_adjust": 0.5876086216411431}, "Y2ActTrq": {"rmse": 17.11624868519287, "mae": 13.063801409993154, "r2_adjust": 0.7288587410684639}, "ZActTrq": {"rmse": 11.766027921646035, "mae": 7.6911239742071045, "r2_adjust": 0.8431441244800479}}, "20": {"S1ActTrq": {"rmse": 21.029527495633463, "mae": 14.521651332989926, "r2_adjust": 0.8528823579198458}, "XActTrq": {"rmse": 13.064229737512159, "mae": 10.83228145130603, "r2_adjust": -0.9062156239999977}, "YActTrq": {"rmse": 10.51977309832732, "mae": 8.499263880536645, "r2_adjust": 0.35609173463304145}, "Y2ActTrq": {"rmse": 10.706173871960747, "mae": 8.614272168371278, "r2_adjust": 0.32572410983040956}, "ZActTrq": {"rmse": 21.949533357087663, "mae": 17.06360096233862, "r2_adjust": 0.984923522328576}}, "23": {"S1ActTrq": {"rmse": 85.66844992009865, "mae": 49.14447068433213, "r2_adjust": 0.6500076319700852}, "XActTrq": {"rmse": 7.683420747569432, "mae": 6.035344081543557, "r2_adjust": -1.2551491279037705}, "YActTrq": {"rmse": 13.164549820583218, "mae": 9.802082479436876, "r2_adjust": 0.1807821200759644}, "Y2ActTrq": {"rmse": 14.79615163379618, "mae": 12.55870193780503, "r2_adjust": -0.4549998136217692}, "ZActTrq": {"rmse": 28.972111471155895, "mae": 23.434620113545858, "r2_adjust": 0.9762910615873595}}, "45": {"S1ActTrq": {"rmse": 5.524168722080039, "mae": 4.49634922648776, "r2_adjust": -0.06312508845484643}, "XActTrq": {"rmse": 30.0207980805312, "mae": 24.492973006719712, "r2_adjust": 0.7751549110940325}, "YActTrq": {"rmse": 10.916931574913837, "mae": 7.696949866503174, "r2_adjust": 0.9628003929357436}, "Y2ActTrq": {"rmse": 10.057077463050287, "mae": 7.133982883664735, "r2_adjust": 0.9603485923255711}, "ZActTrq": {"rmse": 11.294738101050001, "mae": 9.864032886965896, "r2_adjust": -0.10967989684559654}}, "48": {"S1ActTrq": {"rmse": 5.402720229979392, "mae": 4.121120335553361, "r2_adjust": 0.9952418179690569}, "XActTrq": {"rmse": 21.92874248132784, "mae": 15.471897672186516, "r2_adjust": 0.798611194883798}, "YActTrq": {"rmse": 15.019009672641886, "mae": 10.684858382207489, "r2_adjust": 0.9249251673778347}, "Y2ActTrq": {"rmse": 14.295267443536668, "mae": 10.641213506871106, "r2_adjust": 0.9157725196525274}, "ZActTrq": {"rmse": 10.756801047121762, "mae": 9.145090296805126, "r2_adjust": 0.6725339217222712}}, "50": {"S1ActTrq": {"rmse": 8.004441520311104, "mae": 6.428628093844117, "r2_adjust": 0.9787046292695868}, "XActTrq": {"rmse": 18.79464230662836, "mae": 14.333544053307271, "r2_adjust": 0.9277393699600482}, "YActTrq": {"rmse": 24.615477862877807, "mae": 18.28480299871391, "r2_adjust": 0.922677842251841},