{"train": {"all": {"S1ActTrq": {"rmse": 14.915165376295636, "mae": 6.267521976747733, "r2_adjust": 0.9522161074597896}, "XActTrq": {"rmse": 17.604382985204833, "mae": 12.573420559055814, "r2_adjust": 0.9199900676101159}, "YActTrq": {"rmse": 22.6262852628447, "mae": 15.651084122377517, "r2_adjust": 0.925308031807893}, "Y2ActTrq": {"rmse": 20.757463833553157, "mae": 14.42139131494639, "r2_adjust": 0.9254151150226584}, "ZActTrq": {"rmse": 15.992647788578212, "mae": 9.749095530734149, "r2_adjust": 0.9268760412958712}}, "4": {"S1ActTrq": {"rmse": 17.423692817711323, "mae": 13.67166906256658, "r2_adjust": 0.9932172924169893}, "XActTrq": {"rmse": 21.73607580335959, "mae": 16.46402845339279, "r2_adjust": 0.4496408000491209}, "YActTrq": {"rmse": 27.31827985194452, "mae": 17.457873673714904, "r2_adjust": 0.4843853961143657}, "Y2ActTrq": {"rmse": 23.81572624369723, "mae": 18.041778805883887, "r2_adjust": 0.49989817772650746}, "ZActTrq": {"rmse": 12.52741587627529, "mae": 8.373639428486419, "r2_adjust": 0.7774925368971423}}, "20": {"S1ActTrq": {"rmse": 31.124086329335324, "mae": 19.99743953465726, "r2_adjust": 0.6858793329907306}, "XActTrq": {"rmse": 8.584848208464287, "mae": 6.9722964669153535, "r2_adjust": -0.27230677710692164}, "YActTrq": {"rmse": 13.950946435305317, "mae": 11.100010545765418, "r2_adjust": -0.13287724619867936}, "Y2ActTrq": {"rmse": 14.871262613324978, "mae": 11.75942929313695, "r2_adjust": -0.14597392569523837}, "ZActTrq": {"rmse": 43.74011888361409, "mae": 30.375879418691124, "r2_adjust": 0.9404630002736579}}, "23": {"S1ActTrq": {"rmse": 97.8528531967698, "mae": 57.61148351151222, "r2_adjust": 0.5539076600007498}, "XActTrq": {"rmse": 7.687989729953756, "mae": 6.133565536488795, "r2_adjust": -1.4134971976120019}, "YActTrq": {"rmse": 13.982105631999604, "mae": 11.108049780377774, "r2_adjust": -0.08035681405995065}, "Y2ActTrq": {"rmse": 14.979877462548359, "mae": 12.26985216254511, "r2_adjust": -0.4756623630162622}, "ZActTrq": {"rmse": 46.78957227849102, "mae": 32.5202059318495, "r2_adjust": 0.9382619433579991}}, "45": {"S1ActTrq": {"rmse": 4.670692980032959, "mae": 3.747401694218573, "r2_adjust": -0.023596887191709826}, "XActTrq": {"rmse": 10.636189594578715, "mae": 8.059183937460045, "r2_adjust": 0.9178447196925718}, "YActTrq": {"rmse": 10.648986768988419, "mae": 8.253562390966854, "r2_adjust": 0.9681393709073414}, "Y2ActTrq": {"rmse": 10.218754785745116, "mae": 8.345936905966878, "r2_adjust": 0.9617882774810351}, "ZActTrq": {"rmse": 9.26343261522541, "mae": 8.090980248461872, "r2_adjust": 0.14404604620554717}}, "48": {"S1ActTrq": {"rmse": 5.660979658060632, "mae": 4.188671891922605, "r2_adjust": 0.9948908538733504}, "XActTrq": {"rmse": 12.335823414426107, "mae": 9.207219798301022, "r2_adjust": 0.875265093788963}, "YActTrq": {"rmse": 17.232038639918102, "mae": 12.419354747011152, "r2_adjust": 0.9030525433030558}, "Y2ActTrq": {"rmse": 15.073734204361813, "mae": 11.011902288051466, "r2_adjust": 0.9028349171851416}, "ZActTrq": {"rmse": 8.796057469691718, "mae": 6.465856396221846, "r2_adjust": 0.8232922554117714}}, "50": {"S1ActTrq": {"rmse": 6.30955297625606, "mae": 5.012927926293642, "r2_adjust": 0.9869920951438422}, "XActTrq": {"rmse": 20.49533283030163, "mae": 14.824387295225591, "r2_adjust": 0.9108102688011404}, "YActTrq": {"rmse": 26.47149595262195, "mae": 18.02881923217564, "r2_adjust": 0.9068786438553255}, "Y2ActTrq": {"rmse": 24.07784485159374, "mae": 16.244472246085834, "r2_adjust": 0.9071658769822747}, "ZActTrq": {"rmse": 9.937878715459963, "mae": 7.136588885986516, "r2_adjust": 0.8886553061383796}}, "52": {"S1ActTrq": {"rmse": 6.229519191851676, "mae": 4.523314017158919, "r2_adjust": 0.985137622753503}, "XActTrq": {"rmse": 20.341692644454838, "mae": 15.331920097415548, "r2_adjust": 0.9275684346192201}, "YActTrq": {"rmse": 25.650986632294302, "mae": 18.72113391425203, "r2_adjust": 0.9313028808916268}, "Y2ActTrq": {"rmse": 23.92458630381773, "mae": 17.243349080011026, "r2_adjust": 0.9326635021789274}, "ZActTrq": {"rmse": 14.440300851178398, "mae": 10.157484981795639, "r2_adjust": 0.9285451050977596}}, "54": {"S1ActTrq": {"rmse": 8.696012127257843, "mae": 5.946498260824288, "r2_adjust": 0.9863770333199593}, "XActTrq": {"rmse": 20.321595794195996, "mae": 14.63224644306186, "r2_adjust": 0.9319705145782057}, "YActTrq": {"rmse": 26.20646352958094, "mae": 18.619018189764468, "r2_adjust": 0.9351359128775436}, "Y2ActTrq": {"rmse": 23.77302005226018, "mae": 16.898206619930328, "r2_adjust": 0.9358763744656665}, "ZActTrq": {"rmse": 14.677936894698792, "mae": 9.556445177350005, "r2_adjust": 0.9079160144853304}}}, "validation": {"all": {"S1ActTrq": {"rmse": 15.09208841619224, "mae": 6.809366116041975, "r2_adjust": 0.950829753209917}, "XActTrq": {"rmse": 25.01285011657883, "mae": 18.307059827478806, "r2_adjust": 0.866548796564612}, "YActTrq": {"rmse": 25.055527327372474, "mae": 17.100849232272093, "r2_adjust": 0.9108841608059688}, "Y2ActTrq": {"rmse": 21.922948974263203, "mae": 15.235443076708915, "r2_adjust": 0.9141932843918776}, "ZActTrq": {"rmse": 18.28415841883209, "mae": 12.504340247059119, "r2_adjust": 0.9047893723856646}}, "4": {"S1ActTrq": {"rmse": 14.632245980829927, "mae": 11.00615986389466, "r2_adjust": 0.9953386654004446}, "XActTrq": {"rmse": 23.088305141887197, "mae": 16.639454717274713, "r2_adjust": 0.39364559625537354}, "YActTrq": {"rmse": 30.656407232656147, "mae": 23.33640023209481, "r2_adjust": 0.4001029682742596}, "Y2ActTrq": {"rmse": 23.918721208351048, "mae": 16.902801146731104, "r2_adjust": 0.47051416502832544}, "ZActTrq": {"rmse": 13.132582648627391, "mae": 8.55677780360764, "r2_adjust": 0.8045924555952925}}, "20": {"S1ActTrq": {"rmse": 31.074222640492316, "mae": 19.43565566773254, "r2_adjust": 0.678777267489735}, "XActTrq": {"rmse": 11.858941853988643, "mae": 9.737560778535867, "r2_adjust": -0.5707110037959107}, "YActTrq": {"rmse": 16.286714014087522, "mae": 13.146407061472024, "r2_adjust": -0.543398932690627}, "Y2ActTrq": {"rmse": 15.497237619525524, "mae": 12.530584332745338, "r2_adjust": -0.4127900608493851}, "ZActTrq": {"rmse": 44.81398932918461, "mae": 31.70171785767184, "r2_adjust": 0.9371541624679423}}, "23": {"S1ActTrq": {"rmse": 96.84901740640582, "mae": 54.81734412198857, "r2_adjust": 0.5526914554395672}, "XActTrq": {"rmse": 7.264229448870716, "mae": 5.787823591993515, "r2_adjust": -1.0157893245905618}, "YActTrq": {"rmse": 14.869053220542051, "mae": 11.345030035938835, "r2_adjust": -0.04509081167492113}, "Y2ActTrq": {"rmse": 15.935375206632397, "mae": 12.8625521662399, "r2_adjust": -0.6876795117242573}, "ZActTrq": {"rmse": 48.373928359059114, "mae": 34.99335875762145, "r2_adjust": 0.9339040989132283}}, "45": {"S1ActTrq": {"rmse": 5.438569251716211, "mae": 4.409601993491375, "r2_adjust": -0.030433154758346515}, "XActTrq": {"rmse": 29.357733640449453, "mae": 22.253389945199583, "r2_adjust": 0.7849774584448086}, "YActTrq": {"rmse": 10.297323007603064, "mae": 8.020463792254347, "r2_adjust": 0.966903212014882}, "Y2ActTrq": {"rmse": 9.634735514641358, "mae": 7.519138460688329, "r2_adjust": 0.9636089477064845}, "ZActTrq": {"rmse": 11.66376351687198, "mae": 10.183328369630607, "r2_adjust": -0.1833761158632825}}, "48": {"S1ActTrq": {"rmse": 6.311917608711179, "mae": 4.566282393664025, "r2_adjust": 0.9935056044386358}, "XActTrq": {"rmse": 23.984847020774186, "mae": 17.069224372496887, "r2_adjust": 0.7590750509507024}, "YActTrq": {"rmse": 16.579944761256822, "mae": 11.60438622581606, "r2_adjust": 0.9085090921123374}, "Y2ActTrq": {"rmse": 16.0705576101603, "mae": 11.716891293833296, "r2_adjust": 0.8935535624426884}, "ZActTrq": {"rmse": 11.493532949844532, "mae": 9.562383397525197, "r2_adjust": 0.6261416053520891}}, "50": {"S1ActTrq": {"rmse": 6.925924009734123, "mae": 5.484055105067385, "r2_adjust": 0.9840566868107994}, "XActTrq": {"rmse": 23.431998197299716, "mae": 17.005629364886993, "r2_adjust": 0.8876812491490436}, "YActTrq": {"rmse": 30.068197998626953, "mae": 20.563052850515344, "r2_adjust": 0.8846275207443548},