{"4": 11.423407794247492, "20": 38.08730511301602, "23": 126.26345498381477, "45": 5.376455539250528, "48": 5.194906748484113, "50": 6.489493732296887, "52": 7.198358085189185, "54": 8.242939305212992, "all": 18.303566898566885}