{"4": 8.865535207613899, "20": 39.04061668498946, "23": 134.06754688813805, "45": 4.946164357381719, "48": 4.882971140185894, "50": 5.542196513609233, "52": 5.178179465363762, "54": 6.3950295569509175, "all": 18.794380942016534}